{
  "target": "def",
  "nt": 128,
  "ns": 20,
  "seed": 5,
  "sf": "vina",
  "gpu_type": "V100",
  "rs": 3,
  "center_x": -36.0095,
  "center_y": 25.628500000000003,
  "center_z": 67.49199999999999,
  "size_x": 17.201,
  "size_y": 14.375000000000004,
  "size_z": 12.239999999999995
}
