{
  "target": "mmp13",
  "nt": 128,
  "ns": 20,
  "seed": 5,
  "sf": "vina",
  "gpu_type": "V100",
  "rs": 3,
  "center_x": -6.9315,
  "center_y": 26.579,
  "center_z": 54.135999999999996,
  "size_x": 15.341000000000001,
  "size_y": 10.828,
  "size_z": 17.556000000000004
}
